Date / Time,CPU Usage %,Temperature C
2017-05-07 14:24:20,13.1,46.7
2017-05-07 14:24:25,0.5,45.1
2017-05-07 14:24:31,5.4,46.2
2017-05-07 14:24:36,2.7,45.6
2017-05-07 14:24:42,10.7,47.2
2017-05-07 14:24:48,30.4,50.5
2017-05-07 14:24:54,63,54.2
2017-05-07 14:24:59,38.2,53.7
2017-05-07 14:25:04,23.6,52.6
2017-05-07 14:25:10,24.7,52.1
2017-05-07 14:25:15,15,51.5
2017-05-07 14:25:21,40.6,53.7
2017-05-07 14:25:27,55.2,55.8
2017-05-07 14:25:32,39.8,55.8
2017-05-07 14:25:37,36.1,56.4
2017-05-07 14:25:43,41.6,57.5
2017-05-07 14:25:48,38.3,57.5
2017-05-07 14:25:54,41.1,58
2017-05-07 14:26:00,47.9,59.1
2017-05-07 14:26:06,40.6,59.1
2017-05-07 14:26:11,37.7,58.5
2017-05-07 14:26:17,39.1,59.1
2017-05-07 14:26:22,41.3,59.1
2017-05-07 14:26:28,39.8,59.1
2017-05-07 14:26:33,40.7,59.1
2017-05-07 14:26:39,29.1,58
2017-05-07 14:26:44,42,59.1
2017-05-07 14:26:50,36.2,59.1
2017-05-07 14:26:56,41.7,59.6
2017-05-07 14:27:01,35.9,59.6
2017-05-07 14:27:07,39,60.1
2017-05-07 14:27:12,36.4,60.1
2017-05-07 14:27:18,59.9,62.3
2017-05-07 14:27:24,59.9,63.4
2017-05-07 14:27:29,49.5,62.8
2017-05-07 14:27:35,47.2,63.4
2017-05-07 14:27:40,50.9,63.4
2017-05-07 14:27:46,51.3,63.4
2017-05-07 14:27:51,47.9,63.9
2017-05-07 14:27:57,45.2,63.9
2017-05-07 14:28:03,44.2,64.5
2017-05-07 14:28:09,51.9,64.5
2017-05-07 14:28:14,45.9,64.5
2017-05-07 14:28:20,53.1,66.1
2017-05-07 14:28:26,55.4,66.6
2017-05-07 14:28:31,48.8,65.5
2017-05-07 14:28:37,40.6,65.5
2017-05-07 14:28:42,49,66.1
2017-05-07 14:28:48,47.5,65.5
2017-05-07 14:28:54,49,66.6
2017-05-07 14:29:00,47.6,66.6
2017-05-07 14:29:05,49.8,67.1
2017-05-07 14:29:11,44.2,66.6
2017-05-07 14:29:17,47.3,66.6
2017-05-07 14:29:23,45.8,66.6
2017-05-07 14:29:29,47.1,67.7
2017-05-07 14:29:34,46,67.1
2017-05-07 14:29:40,45.7,67.1
2017-05-07 14:29:45,46.2,67.1
2017-05-07 14:29:51,47.4,67.1
2017-05-07 14:29:57,47.8,67.7
2017-05-07 14:30:02,44.3,67.7
2017-05-07 14:30:07,51.2,67.7
2017-05-07 14:30:13,44,67.7
2017-05-07 14:30:19,50.5,68.8
2017-05-07 14:30:24,45.9,68.8
2017-05-07 14:30:30,48.1,69.3
2017-05-07 14:30:35,45.8,68.2
2017-05-07 14:30:41,46.9,68.2
2017-05-07 14:30:46,49.2,69.8
2017-05-07 14:30:52,51.4,68.8
2017-05-07 14:30:57,50,69.3
2017-05-07 14:31:02,41.4,68.8
2017-05-07 14:31:08,46.9,69.3
2017-05-07 14:31:14,45,68.8
2017-05-07 14:31:19,47.7,69.8
2017-05-07 14:31:25,47.5,69.8
2017-05-07 14:31:31,47.1,69.8
2017-05-07 14:31:36,43.6,69.8
2017-05-07 14:31:42,49.1,69.8
2017-05-07 14:31:47,42.4,69.3
2017-05-07 14:31:53,48.5,70.9
2017-05-07 14:31:58,75.6,72.5
2017-05-07 14:32:05,63.1,73.1
2017-05-07 14:32:10,48.6,71.4
2017-05-07 14:32:16,45.3,70.9
2017-05-07 14:32:21,47.9,70.9
2017-05-07 14:32:27,45.9,70.9
2017-05-07 14:32:32,44.9,70.9
2017-05-07 14:32:38,39,70.9
2017-05-07 14:32:43,49.9,70.9
2017-05-07 14:32:49,47.1,71.4
2017-05-07 14:32:55,49.9,70.9
2017-05-07 14:33:00,45.2,70.9
2017-05-07 14:33:06,47.6,71.4
2017-05-07 14:33:11,45,71.4
2017-05-07 14:33:17,46.3,70.9
2017-05-07 14:33:22,44.2,71.4
2017-05-07 14:33:28,48.5,72
2017-05-07 14:33:34,47.9,70.9
2017-05-07 14:33:39,45.1,71.4
2017-05-07 14:33:45,47,71.4
2017-05-07 14:33:50,45.6,71.4
2017-05-07 14:33:56,47.7,71.4
2017-05-07 14:34:02,53.9,73.1
2017-05-07 14:34:07,48.3,72
2017-05-07 14:34:13,45.1,72
2017-05-07 14:34:19,49.8,72
2017-05-07 14:34:24,47.9,73.1
2017-05-07 14:34:29,47.9,73.1
2017-05-07 14:34:35,44.5,72
2017-05-07 14:34:40,44.2,73.1
2017-05-07 14:34:46,45.8,72
2017-05-07 14:34:51,44.7,72
2017-05-07 14:34:57,48.4,72.5
2017-05-07 14:35:02,47.9,72.5
2017-05-07 14:35:08,47.7,73.1
2017-05-07 14:35:14,44.8,72.5
2017-05-07 14:35:19,47,72
2017-05-07 14:35:25,44.9,72
2017-05-07 14:35:30,46.9,73.1
2017-05-07 14:35:36,44.1,73.1
2017-05-07 14:35:41,48.5,73.1
2017-05-07 14:35:47,44.3,73.1
2017-05-07 14:35:52,48.3,72.5
2017-05-07 14:35:58,47.2,73.1
2017-05-07 14:36:03,44,73.1
2017-05-07 14:36:09,47.2,73.1
2017-05-07 14:36:14,47.2,73.6
2017-05-07 14:36:20,49.9,73.1
2017-05-07 14:36:25,45.2,73.1
2017-05-07 14:36:31,49.5,73.6
2017-05-07 14:36:36,42,73.1
2017-05-07 14:36:42,49,73.1
2017-05-07 14:36:47,44,73.6
2017-05-07 14:36:52,45.7,73.1
2017-05-07 14:36:58,46.4,73.6
2017-05-07 14:37:03,46.3,73.6
2017-05-07 14:37:09,47.9,74.1
2017-05-07 14:37:14,43.1,74.1
2017-05-07 14:37:20,47.8,74.1
2017-05-07 14:37:25,48.3,74.1
2017-05-07 14:37:30,47.8,74.1
2017-05-07 14:37:36,43.7,74.1
2017-05-07 14:37:41,47.2,74.1
2017-05-07 14:37:47,48.7,74.1
2017-05-07 14:37:52,47.8,74.1
2017-05-07 14:37:58,47.1,74.1
2017-05-07 14:38:03,54.6,75.2
2017-05-07 14:38:09,47.1,75.2
2017-05-07 14:38:14,46.4,73.6
2017-05-07 14:38:20,48.4,74.1
2017-05-07 14:38:25,50.2,74.7
2017-05-07 14:38:31,46.6,74.1
2017-05-07 14:38:37,41.7,74.1
2017-05-07 14:38:42,48,74.1
2017-05-07 14:38:48,44.6,74.7
2017-05-07 14:38:53,47.8,74.7
2017-05-07 14:38:59,45.3,75.2
2017-05-07 14:39:04,46,75.2
2017-05-07 14:39:10,46.9,75.2
2017-05-07 14:39:15,46.2,74.7
2017-05-07 14:39:21,49.2,75.2
2017-05-07 14:39:27,44,75.2
2017-05-07 14:39:32,49,75.2
2017-05-07 14:39:37,45,75.2
2017-05-07 14:39:43,46.5,75.2
2017-05-07 14:39:48,44.4,74.7
2017-05-07 14:39:54,47.4,75.2
2017-05-07 14:40:00,42.3,75.8
2017-05-07 14:40:05,46.6,75.8
2017-05-07 14:40:11,48.1,75.2
2017-05-07 14:40:16,45.4,75.2
2017-05-07 14:40:22,46.3,75.2
2017-05-07 14:40:27,43.8,75.2
2017-05-07 14:40:33,51,75.8
2017-05-07 14:40:38,40.1,75.2
2017-05-07 14:40:43,47.4,75.2
2017-05-07 14:40:49,43,75.2
2017-05-07 14:40:55,50.2,75.8
2017-05-07 14:41:00,44.5,75.2
2017-05-07 14:41:06,45.8,75.2
2017-05-07 14:41:12,46.3,75.2
2017-05-07 14:41:18,48.2,75.8
2017-05-07 14:41:23,44.5,75.2
2017-05-07 14:41:29,46.1,75.2
2017-05-07 14:41:34,44.5,75.2
2017-05-07 14:41:40,44.8,75.8
2017-05-07 14:41:45,47.7,75.8
2017-05-07 14:41:51,42.9,75.2
2017-05-07 14:41:56,49.7,75.8
2017-05-07 14:42:02,46.2,75.2
2017-05-07 14:42:07,49,76.3
2017-05-07 14:42:12,45.1,75.8
2017-05-07 14:42:18,54.5,76.3
2017-05-07 14:42:23,45.4,76.3
2017-05-07 14:42:28,47.6,76.3
2017-05-07 14:42:34,43.9,76.3
2017-05-07 14:42:39,39.6,75.2
2017-05-07 14:42:45,47.9,75.2
2017-05-07 14:42:50,46.1,75.2
2017-05-07 14:42:55,50.4,76.3
2017-05-07 14:43:01,45.2,76.3
2017-05-07 14:43:06,47,76.3
2017-05-07 14:43:12,46,76.3
2017-05-07 14:43:17,47,75.8
2017-05-07 14:43:23,58.4,77.4
2017-05-07 14:43:28,51.4,77.4
2017-05-07 14:43:34,46.3,76.3
2017-05-07 14:43:39,48.7,77.4
2017-05-07 14:43:45,47.2,76.3
2017-05-07 14:43:50,46.5,76.3
2017-05-07 14:43:55,49.4,76.8
2017-05-07 14:44:01,46.4,76.3
2017-05-07 14:44:06,47.3,77.4
2017-05-07 14:44:12,43.5,76.8
2017-05-07 14:44:17,48.1,76.3
2017-05-07 14:44:22,45.7,77.4
2017-05-07 14:44:28,43.9,76.3
2017-05-07 14:44:34,43.6,75.8
2017-05-07 14:44:39,40.9,75.8
2017-05-07 14:44:44,46.8,76.8
2017-05-07 14:44:50,45,76.3
2017-05-07 14:44:55,47.5,76.3
2017-05-07 14:45:01,46.3,76.3
2017-05-07 14:45:06,47.9,76.8
2017-05-07 14:45:12,44.2,76.3
2017-05-07 14:45:17,50.1,77.4
2017-05-07 14:45:23,45.5,76.8
2017-05-07 14:45:29,48.8,77.4
2017-05-07 14:45:34,47.5,77.4
2017-05-07 14:45:39,46.2,77.4
2017-05-07 14:45:45,47.4,77.4
2017-05-07 14:45:51,45.1,77.4
2017-05-07 14:45:56,46.9,77.4
2017-05-07 14:46:02,44.7,76.8
2017-05-07 14:46:07,46.8,77.4
2017-05-07 14:46:13,47.5,77.4
2017-05-07 14:46:18,45.7,77.4
2017-05-07 14:46:24,43.5,77.4
2017-05-07 14:46:29,47,77.4
2017-05-07 14:46:34,44.3,76.3
2017-05-07 14:46:40,43.8,76.3
2017-05-07 14:46:45,46.7,77.4
2017-05-07 14:46:50,42.5,76.3
2017-05-07 14:46:56,46.5,76.3
2017-05-07 14:47:01,43.2,77.4
2017-05-07 14:47:07,47.4,76.8
2017-05-07 14:47:12,44.7,76.3
2017-05-07 14:47:17,46.9,77.4
2017-05-07 14:47:23,40.7,75.8
2017-05-07 14:47:28,46.8,77.4
2017-05-07 14:47:34,44.9,76.8
2017-05-07 14:47:39,46.3,76.8
2017-05-07 14:47:45,44.8,77.4
2017-05-07 14:47:50,45.9,76.3
2017-05-07 14:47:56,63.8,79
2017-05-07 14:48:01,48.2,77.4
2017-05-07 14:48:06,64.6,79.5
2017-05-07 14:48:12,52.9,78.4
2017-05-07 14:48:17,49.7,78.4
2017-05-07 14:48:23,45.3,77.9
2017-05-07 14:48:28,45.5,77.4
2017-05-07 14:48:34,42,76.8
2017-05-07 14:48:39,43.1,77.4
2017-05-07 14:48:45,43.6,77.4
2017-05-07 14:48:50,42.9,76.8
2017-05-07 14:48:55,49.6,77.4
2017-05-07 14:49:01,45.1,76.8
2017-05-07 14:49:06,46.6,77.9
2017-05-07 14:49:12,42,77.4
2017-05-07 14:49:17,45.3,77.4
2017-05-07 14:49:23,43.2,77.4
2017-05-07 14:49:28,44,77.4
2017-05-07 14:49:33,45.3,77.4
2017-05-07 14:49:39,45,77.4
2017-05-07 14:49:44,46.4,77.4
2017-05-07 14:49:50,43.4,77.9
2017-05-07 14:49:55,48.1,77.4
2017-05-07 14:50:01,42.8,76.8
2017-05-07 14:50:06,46.6,77.4
2017-05-07 14:50:12,45,77.4
2017-05-07 14:50:17,47.2,77.4
2017-05-07 14:50:23,43.9,76.8
2017-05-07 14:50:28,44.7,77.4
2017-05-07 14:50:34,43.3,76.3
2017-05-07 14:50:39,41.7,77.4
2017-05-07 14:50:45,47,77.4
2017-05-07 14:50:50,44.4,76.8
2017-05-07 14:50:56,45.9,77.4
2017-05-07 14:51:01,43.5,76.8
2017-05-07 14:51:07,47.3,77.4
2017-05-07 14:51:12,50.4,77.9
2017-05-07 14:51:18,45,77.9
2017-05-07 14:51:23,42.9,77.4
2017-05-07 14:51:29,46.3,76.8
2017-05-07 14:51:35,45.5,77.9
2017-05-07 14:51:40,48.3,78.4
2017-05-07 14:51:45,45.2,77.9
2017-05-07 14:51:51,47.6,78.4
2017-05-07 14:51:57,44,77.4
2017-05-07 14:52:03,47.5,78.4
2017-05-07 14:52:09,44.7,77.9
2017-05-07 14:52:14,46.1,77.9
2017-05-07 14:52:20,46.8,77.9
2017-05-07 14:52:25,44.6,78.4
2017-05-07 14:52:31,48.1,77.9
2017-05-07 14:52:37,38.2,77.4
2017-05-07 14:52:43,51.3,77.9
2017-05-07 14:52:48,43.6,77.9
2017-05-07 14:52:54,46.7,77.9
2017-05-07 14:52:59,46.1,77.9
2017-05-07 14:53:05,48.1,78.4
2017-05-07 14:53:10,44.6,79
2017-05-07 14:53:16,46.9,78.4
2017-05-07 14:53:22,44.8,78.4
2017-05-07 14:53:27,44.9,77.9
2017-05-07 14:53:33,43.6,77.9
2017-05-07 14:53:39,47.4,78.4
2017-05-07 14:53:44,45.9,77.9
2017-05-07 14:53:50,45.4,77.9
2017-05-07 14:53:55,46.3,78.4
2017-05-07 14:54:01,43.7,78.4
2017-05-07 14:54:06,48.9,77.9
2017-05-07 14:54:11,43.9,77.9
2017-05-07 14:54:17,50.3,78.4
2017-05-07 14:54:22,48.9,78.4
2017-05-07 14:54:28,53.3,79.5
2017-05-07 14:54:33,45.9,77.9
2017-05-07 14:54:39,43.6,78.4
2017-05-07 14:54:44,46.8,78.4
2017-05-07 14:54:50,47.3,79
2017-05-07 14:54:56,48.3,79
2017-05-07 14:55:01,44.5,79
2017-05-07 14:55:07,48.2,79
2017-05-07 14:55:13,43.9,78.4
2017-05-07 14:55:18,49,78.4
2017-05-07 14:55:24,50.6,79
2017-05-07 14:55:29,48.4,79
2017-05-07 14:55:35,43.9,78.4
2017-05-07 14:55:40,47.5,78.4
2017-05-07 14:55:46,47.4,78.4
2017-05-07 14:55:51,49.5,79
2017-05-07 14:55:57,49.5,79.5
2017-05-07 14:56:03,48.5,79
2017-05-07 14:56:08,44.6,79
2017-05-07 14:56:14,49,79
2017-05-07 14:56:19,47.6,78.4
2017-05-07 14:56:24,43.7,79
2017-05-07 14:56:30,47.7,78.4
2017-05-07 14:56:36,41.1,77.9
2017-05-07 14:56:42,48.3,78.4
2017-05-07 14:56:47,45.4,78.4
2017-05-07 14:56:53,48.2,79
2017-05-07 14:56:58,43.2,78.4
2017-05-07 14:57:04,46.3,79
2017-05-07 14:57:10,45.6,79.5
2017-05-07 14:57:15,47.1,78.4
2017-05-07 14:57:21,44.6,78.4
2017-05-07 14:57:27,46.7,79
2017-05-07 14:57:32,45.7,79
2017-05-07 14:57:38,45.2,78.4
2017-05-07 14:57:43,43.6,78.4
2017-05-07 14:57:49,46,78.4
2017-05-07 14:57:54,47.8,79
2017-05-07 14:58:00,45,78.4
2017-05-07 14:58:06,48.6,78.4
2017-05-07 14:58:11,46,79
2017-05-07 14:58:17,49.7,79
2017-05-07 14:58:22,56.7,80.1
2017-05-07 14:58:28,56.5,80.6
2017-05-07 14:58:33,43.2,79.5
2017-05-07 14:58:39,42.5,79.5
2017-05-07 14:58:44,42.6,78.4
2017-05-07 14:58:50,46.1,79
2017-05-07 14:58:56,46.5,78.4
2017-05-07 14:59:01,46.4,78.4
2017-05-07 14:59:07,47.5,79.5
2017-05-07 14:59:12,45,79.5
2017-05-07 14:59:18,47.8,79.5
2017-05-07 14:59:23,45.7,79
2017-05-07 14:59:29,49.3,79.5
2017-05-07 14:59:34,46.7,79.5
2017-05-07 14:59:40,47.7,79
2017-05-07 14:59:45,41.4,79
2017-05-07 14:59:51,47.9,79.5
2017-05-07 14:59:57,44.8,79.5
2017-05-07 15:00:02,46.1,80.1
2017-05-07 15:00:08,46.1,79.5
2017-05-07 15:00:13,45.5,79.5
2017-05-07 15:00:19,47.5,80.1
2017-05-07 15:00:24,47.2,79.5
2017-05-07 15:00:30,48.1,79.5
2017-05-07 15:00:35,42.1,79
2017-05-07 15:00:41,49.2,79.5
2017-05-07 15:00:46,43.8,79
2017-05-07 15:00:52,48.2,79.5
2017-05-07 15:00:58,47.7,79.5
2017-05-07 15:01:03,51.5,79.5
2017-05-07 15:01:09,46.9,79.5
2017-05-07 15:01:14,46.2,80.1
2017-05-07 15:01:19,48,79.5
2017-05-07 15:01:25,47.4,79.5
2017-05-07 15:01:30,48.2,79.5
2017-05-07 15:01:36,44,79
2017-05-07 15:01:42,46.6,79.5
2017-05-07 15:01:47,43.7,79.5
2017-05-07 15:01:52,46,79.5
2017-05-07 15:01:58,45.7,79
2017-05-07 15:02:03,49.2,79.5
2017-05-07 15:02:09,44.2,78.4
2017-05-07 15:02:14,44.4,79.5
2017-05-07 15:02:20,44.6,79.5
2017-05-07 15:02:25,44.2,79.5
2017-05-07 15:02:31,46.4,78.4
2017-05-07 15:02:36,43.1,78.4
2017-05-07 15:02:42,45.6,79
2017-05-07 15:02:47,44.7,79
2017-05-07 15:02:53,51.1,80.1
2017-05-07 15:02:58,45.9,79.5
2017-05-07 15:03:04,46.2,79.5
2017-05-07 15:03:09,44.8,79.5
2017-05-07 15:03:14,46,79.5
2017-05-07 15:03:20,43.9,79.5
2017-05-07 15:03:25,44.2,79.5
2017-05-07 15:03:31,44.1,79.5
2017-05-07 15:03:36,42.6,79.5
2017-05-07 15:03:41,47,79.5
2017-05-07 15:03:47,43.3,79
2017-05-07 15:03:53,47.2,79.5
2017-05-07 15:03:58,47.1,79.5
2017-05-07 15:04:03,47.7,79.5
2017-05-07 15:04:09,42.6,79
2017-05-07 15:04:14,47,79
2017-05-07 15:04:19,44,79
2017-05-07 15:04:25,42.7,79.5
2017-05-07 15:04:30,43.8,78.4
2017-05-07 15:04:35,40.8,78.4
2017-05-07 15:04:41,43.8,78.4
2017-05-07 15:04:46,43.9,79
2017-05-07 15:04:52,48.6,79.5
2017-05-07 15:04:57,44.2,79
2017-05-07 15:05:03,46.3,79.5
2017-05-07 15:05:08,42,79.5
2017-05-07 15:05:13,46.7,79.5
2017-05-07 15:05:18,44.3,78.4
2017-05-07 15:05:24,43.8,79.5
2017-05-07 15:05:29,46.4,78.4
2017-05-07 15:05:34,46.2,79
2017-05-07 15:05:40,47.3,79.5
2017-05-07 15:05:45,42.6,79
2017-05-07 15:05:50,45.6,79.5
2017-05-07 15:05:56,43.9,79
2017-05-07 15:06:01,46,79.5
2017-05-07 15:06:07,45.4,79.5
2017-05-07 15:06:12,45.6,79.5
2017-05-07 15:06:17,46.4,78.4
2017-05-07 15:06:23,45.3,79.5
2017-05-07 15:06:28,48,79
2017-05-07 15:06:33,45.7,79
2017-05-07 15:06:39,42.8,78.4
2017-05-07 15:06:44,45.1,79.5
2017-05-07 15:06:50,45.4,79.5
2017-05-07 15:06:55,41.3,79.5
2017-05-07 15:07:00,47.4,79.5
2017-05-07 15:07:06,45.6,79.5
2017-05-07 15:07:11,45,79
2017-05-07 15:07:16,46.1,79.5
2017-05-07 15:07:22,47,79.5
2017-05-07 15:07:27,49.9,79.5
2017-05-07 15:07:32,46.8,79.5
2017-05-07 15:07:37,46,79.5
2017-05-07 15:07:43,43,79.5
2017-05-07 15:07:48,43.3,79.5
2017-05-07 15:07:54,48.7,79.5
2017-05-07 15:07:59,42.5,79.5
2017-05-07 15:08:05,48.6,79
2017-05-07 15:08:10,44.7,79
2017-05-07 15:08:16,46.7,79
2017-05-07 15:08:21,46.5,79
2017-05-07 15:08:27,48.6,80.1
2017-05-07 15:08:32,44.8,79.5
2017-05-07 15:08:38,37.8,79.5
2017-05-07 15:08:43,46.5,78.4
2017-05-07 15:08:48,45.9,80.1
2017-05-07 15:08:54,46.6,79.5
2017-05-07 15:08:59,41.4,78.4
2017-05-07 15:09:04,47.8,79.5
2017-05-07 15:09:10,47.5,79.5
2017-05-07 15:09:16,49.9,79.5
2017-05-07 15:09:21,45,79
2017-05-07 15:09:26,48.9,80.1
2017-05-07 15:09:31,42.8,79.5
2017-05-07 15:09:37,47,79.5
2017-05-07 15:09:42,46.6,79.5
2017-05-07 15:09:47,45.7,79.5
2017-05-07 15:09:53,47.6,79.5
2017-05-07 15:09:58,47,79.5
2017-05-07 15:10:03,46.6,79.5
2017-05-07 15:10:09,44.9,79.5
2017-05-07 15:10:14,48.7,79.5
2017-05-07 15:10:20,45.6,80.6
2017-05-07 15:10:25,45.9,80.1
2017-05-07 15:10:31,44.7,79.5
2017-05-07 15:10:36,40.2,79.5
2017-05-07 15:10:42,46.6,79.5
2017-05-07 15:10:47,45.4,79.5
2017-05-07 15:10:52,47.3,79.5
2017-05-07 15:10:58,44.3,79.5
2017-05-07 15:11:03,50.6,80.1
2017-05-07 15:11:08,43.2,79.5
2017-05-07 15:11:14,61.6,80.6
2017-05-07 15:11:19,46.8,80.6
2017-05-07 15:11:25,45.5,80.1
2017-05-07 15:11:30,45.1,79.5
2017-05-07 15:11:35,47.4,78.4
2017-05-07 15:11:41,49,80.6
2017-05-07 15:11:46,43.6,80.6
2017-05-07 15:11:52,49.4,80.6
2017-05-07 15:11:57,45.6,80.1
2017-05-07 15:12:03,45.7,80.6
2017-05-07 15:12:08,43.1,79.5
2017-05-07 15:12:14,46.3,80.6
2017-05-07 15:12:19,46.3,80.1
2017-05-07 15:12:25,46.4,79.5
2017-05-07 15:12:31,47.5,79.5
2017-05-07 15:12:36,42.2,79.5
2017-05-07 15:12:42,46.3,80.1
2017-05-07 15:12:47,51.6,80.1
2017-05-07 15:12:53,48.5,80.1
2017-05-07 15:12:59,43.8,80.1
2017-05-07 15:13:04,48.4,80.6
2017-05-07 15:13:10,44.5,80.1
2017-05-07 15:13:15,48.3,80.1
2017-05-07 15:13:21,48.4,80.1
2017-05-07 15:13:26,65.7,81.7
2017-05-07 15:13:32,56.1,81.1
2017-05-07 15:13:37,49.1,80.6
2017-05-07 15:13:43,45.8,80.6
2017-05-07 15:13:48,46.8,80.6
2017-05-07 15:13:53,49.5,80.1
2017-05-07 15:13:59,42.7,80.6
2017-05-07 15:14:04,47.1,80.1
2017-05-07 15:14:10,44.1,80.1
2017-05-07 15:14:15,47.2,80.6
2017-05-07 15:14:21,45.3,80.1
2017-05-07 15:14:26,47.8,81.1
2017-05-07 15:14:31,44.4,80.1
2017-05-07 15:14:37,40.9,80.1
2017-05-07 15:14:42,44.9,80.1
2017-05-07 15:14:48,43.3,79.5
2017-05-07 15:14:53,49.3,80.1
2017-05-07 15:14:58,44,80.6
2017-05-07 15:15:04,47.6,80.6
2017-05-07 15:15:10,43.4,79.5
2017-05-07 15:15:15,50.8,80.6
2017-05-07 15:15:21,46.1,80.1
2017-05-07 15:15:26,51.1,80.6
2017-05-07 15:15:32,45,80.1
2017-05-07 15:15:37,46.7,80.6
2017-05-07 15:15:43,49,80.6
2017-05-07 15:15:48,44.5,80.1
2017-05-07 15:15:54,47.9,80.6
2017-05-07 15:15:59,48.4,80.6
2017-05-07 15:16:05,49.4,80.6
2017-05-07 15:16:10,45.3,80.6
2017-05-07 15:16:16,50.5,81.1
2017-05-07 15:16:21,44.7,80.6
2017-05-07 15:16:27,48,80.6
2017-05-07 15:16:32,43,80.1
2017-05-07 15:16:38,41.1,80.1
2017-05-07 15:16:43,45.7,80.1
2017-05-07 15:16:49,45.8,80.6
2017-05-07 15:16:54,46,79.5
2017-05-07 15:17:00,44.8,80.1
2017-05-07 15:17:06,47.8,80.6
2017-05-07 15:17:11,44.7,80.1
2017-05-07 15:17:17,47.5,79.5
2017-05-07 15:17:22,44.5,80.1
2017-05-07 15:17:28,50.6,80.6
2017-05-07 15:17:33,44.6,80.6
2017-05-07 15:17:39,50.5,80.6
2017-05-07 15:17:45,46,80.6
2017-05-07 15:17:50,47.3,80.6
2017-05-07 15:17:56,45.7,80.1
2017-05-07 15:18:01,46.2,80.6
2017-05-07 15:18:07,45.4,80.6
2017-05-07 15:18:12,41.4,79.5
2017-05-07 15:18:18,46,80.1
2017-05-07 15:18:23,47.5,80.1
2017-05-07 15:18:29,46.9,80.1
2017-05-07 15:18:34,41.6,80.1
2017-05-07 15:18:40,44.7,80.6
2017-05-07 15:18:45,41.4,80.1
2017-05-07 15:18:51,46.4,80.6
2017-05-07 15:18:56,42.9,80.1
2017-05-07 15:19:02,47,80.6
2017-05-07 15:19:07,44.4,80.6
2017-05-07 15:19:13,43.6,79.5
2017-05-07 15:19:18,46.5,80.1
2017-05-07 15:19:24,46.7,79.5
2017-05-07 15:19:30,46.9,80.1
2017-05-07 15:19:36,48.4,80.6
2017-05-07 15:19:41,52.7,80.1
2017-05-07 15:19:46,17.5,75.2
2017-05-07 15:19:52,4.5,73.1
2017-05-07 15:19:57,1.3,71.4
2017-05-07 15:20:04,30.3,72.5
2017-05-07 15:20:09,0.9,69.8
2017-05-07 15:20:15,3.8,69.3
2017-05-07 15:20:20,0.7,68.8
2017-05-07 15:20:25,6.3,68.8
2017-05-07 15:20:30,1.7,67.7
2017-05-07 15:20:36,1.2,66.6
2017-05-07 15:20:41,3.8,66.6
2017-05-07 15:20:47,2.8,65.5
2017-05-07 15:20:52,3.7,66.6
2017-05-07 15:20:57,1.1,65.5
2017-05-07 15:21:03,6.8,66.1
2017-05-07 15:21:08,1,64.5
2017-05-07 15:21:14,4.1,65.5
2017-05-07 15:21:19,2.2,64.5
2017-05-07 15:21:24,3.3,65
2017-05-07 15:21:30,1.9,63.9
2017-05-07 15:21:35,0.9,63.4
2017-05-07 15:21:40,5.7,63.4
2017-05-07 15:21:46,1.2,63.4
2017-05-07 15:21:51,6.5,63.4
2017-05-07 15:21:56,0.8,62.8
2017-05-07 15:22:02,4.3,63.9
2017-05-07 15:22:07,0.9,62.8
2017-05-07 15:22:13,3.2,63.4
2017-05-07 15:22:18,1.3,62.3
2017-05-07 15:22:24,2.4,62.3
2017-05-07 15:22:29,5.8,62.3
2017-05-07 15:22:35,0.8,61.8
2017-05-07 15:22:40,3.8,62.3
2017-05-07 15:22:46,1.2,61.2
2017-05-07 15:22:51,4,62.3
2017-05-07 15:22:56,25.4,65.5
2017-05-07 15:23:02,35.7,66.6
2017-05-07 15:23:07,8.1,65
2017-05-07 15:23:13,43.6,68.8
2017-05-07 15:23:18,73.6,72
2017-05-07 15:23:23,58.6,72
2017-05-07 15:23:29,31,70.9
2017-05-07 15:23:34,50.8,72
2017-05-07 15:23:39,84.8,74.7
2017-05-07 15:23:45,63.4,74.1
2017-05-07 15:23:50,77.3,76.3
2017-05-07 15:23:55,76.6,77.4
2017-05-07 15:24:01,63.1,76.3
2017-05-07 15:24:06,50,75.8
2017-05-07 15:24:12,53.1,76.3
2017-05-07 15:24:23,54.8,76.8
2017-05-07 15:24:29,58.9,76.3
2017-05-07 15:24:34,45.8,75.2
2017-05-07 15:24:40,49.8,75.8
2017-05-07 15:24:46,49.7,76.3
2017-05-07 15:24:51,54.1,76.8
2017-05-07 15:24:57,49.6,76.3
2017-05-07 15:25:02,54.5,76.3
2017-05-07 15:25:08,54,76.8
2017-05-07 15:25:13,60.1,77.4
2017-05-07 15:25:18,48.6,77.4
2017-05-07 15:25:24,56.2,77.4
2017-05-07 15:25:29,50.8,77.4
2017-05-07 15:25:35,64.9,78.4
2017-05-07 15:25:40,60.9,78.4
2017-05-07 15:25:45,50.2,78.4
2017-05-07 15:25:51,54.1,78.4
2017-05-07 15:25:56,48.3,77.9
2017-05-07 15:26:02,55,77.9
2017-05-07 15:26:07,49.5,77.9
2017-05-07 15:26:12,57.5,78.4
2017-05-07 15:26:18,54.6,78.4
2017-05-07 15:26:23,55.5,78.4
2017-05-07 15:26:29,53.4,78.4
2017-05-07 15:26:34,50,77.9
2017-05-07 15:26:40,48.7,77.9
2017-05-07 15:26:45,49.7,77.9
2017-05-07 15:26:51,55,78.4
2017-05-07 15:26:56,50.7,78.4
2017-05-07 15:27:02,71.8,80.1
2017-05-07 15:27:07,49.6,79.5
2017-05-07 15:27:13,57.2,79
2017-05-07 15:27:18,50.5,79.5
2017-05-07 15:27:24,55,79.5
2017-05-07 15:27:29,51.8,79
2017-05-07 15:27:34,52.9,79
2017-05-07 15:27:40,56.6,79.5
2017-05-07 15:27:45,51.7,79
2017-05-07 15:27:51,54.2,79
2017-05-07 15:27:56,49.7,79
2017-05-07 15:28:02,52.9,79
2017-05-07 15:28:07,48.3,78.4
2017-05-07 15:28:12,54.4,79.5
2017-05-07 15:28:18,50.2,79.5
2017-05-07 15:28:23,53.6,79.5
2017-05-07 15:28:29,49.4,79.5
2017-05-07 15:28:34,46.8,78.4
2017-05-07 15:28:40,46.1,78.4
2017-05-07 15:28:45,50.1,79.5
2017-05-07 15:28:51,52.2,79
2017-05-07 15:28:56,53.9,79.5
2017-05-07 15:29:01,54.5,79.5
2017-05-07 15:29:07,52,79.5
2017-05-07 15:29:13,53.2,79.5
2017-05-07 15:29:18,50.8,79.5
2017-05-07 15:29:24,52.6,80.1
2017-05-07 15:29:29,51.7,79.5
2017-05-07 15:29:35,51,79.5
2017-05-07 15:29:41,54.4,79.5
2017-05-07 15:29:46,52.1,80.1
2017-05-07 15:29:52,51.1,79.5
2017-05-07 15:29:57,53.9,80.1
2017-05-07 15:30:03,53.3,79.5
2017-05-07 15:30:08,49.5,79.5
2017-05-07 15:30:14,51.2,79.5
2017-05-07 15:30:19,50,79.5
2017-05-07 15:30:25,54.7,79.5
2017-05-07 15:30:30,50.3,80.1
2017-05-07 15:30:36,46,79
2017-05-07 15:30:41,50.8,79.5
2017-05-07 15:30:46,53.9,80.1
2017-05-07 15:30:52,51.6,79.5
2017-05-07 15:30:57,51.2,79.5
2017-05-07 15:31:02,53.3,80.1
2017-05-07 15:31:08,50.1,79.5
2017-05-07 15:31:13,52.4,79.5
2017-05-07 15:31:19,49.5,80.1
2017-05-07 15:31:24,54.1,80.1
2017-05-07 15:31:29,47.8,79
2017-05-07 15:31:35,53.6,80.6
2017-05-07 15:31:40,50.7,80.1
2017-05-07 15:31:45,50.5,80.1
2017-05-07 15:31:51,51.9,80.1
2017-05-07 15:31:56,53.7,79.5
2017-05-07 15:32:02,54.1,79.5
2017-05-07 15:32:07,50.9,80.6
2017-05-07 15:32:12,53.1,80.6
2017-05-07 15:32:18,49.7,80.1
2017-05-07 15:32:23,53.4,80.6
2017-05-07 15:32:29,51.1,80.1
2017-05-07 15:32:34,49.2,80.1
2017-05-07 15:32:40,45.3,80.1
2017-05-07 15:32:45,50.1,80.1
2017-05-07 15:32:51,51.7,80.6
2017-05-07 15:32:56,51.8,79.5
2017-05-07 15:33:02,54.7,80.1
2017-05-07 15:33:07,49.9,79.5
2017-05-07 15:33:12,52.5,80.1
2017-05-07 15:33:18,49.5,80.1
2017-05-07 15:33:23,53.8,80.6
2017-05-07 15:33:29,51.8,80.6
2017-05-07 15:33:34,52,80.6
2017-05-07 15:33:39,53,80.1
2017-05-07 15:33:45,51.5,80.1
2017-05-07 15:33:50,53.1,80.1
2017-05-07 15:33:55,49.8,80.6
2017-05-07 15:34:01,52,80.1
2017-05-07 15:34:06,48.5,80.1
2017-05-07 15:34:12,54.4,80.6
2017-05-07 15:34:17,53.5,80.6
2017-05-07 15:34:23,54.6,80.6
2017-05-07 15:34:28,49.3,80.1
2017-05-07 15:34:33,50.1,80.1
2017-05-07 15:34:39,44.6,79.5
2017-05-07 15:34:44,48.9,79.5
2017-05-07 15:34:49,53,80.1
2017-05-07 15:34:55,52.2,80.6
2017-05-07 15:35:00,54.7,80.6
2017-05-07 15:35:05,50.2,79.5
2017-05-07 15:35:11,53.4,80.6
2017-05-07 15:35:16,50.1,80.6
2017-05-07 15:35:22,53.2,80.6
2017-05-07 15:35:27,50.2,80.6
2017-05-07 15:35:32,51.3,80.6
2017-05-07 15:35:38,53.3,80.1
2017-05-07 15:35:43,51.5,80.1
2017-05-07 15:35:48,55.2,80.1
2017-05-07 15:35:54,50.9,80.6
2017-05-07 15:35:59,56.9,80.6
2017-05-07 15:36:04,50.3,79.5
2017-05-07 15:36:10,53,80.6
2017-05-07 15:36:15,50,80.6
2017-05-07 15:36:21,51.3,80.1
2017-05-07 15:36:26,52.9,80.6
2017-05-07 15:36:31,55.7,80.6
2017-05-07 15:36:37,44.3,79.5
2017-05-07 15:36:43,51.5,80.1
2017-05-07 15:36:48,52.3,80.1
2017-05-07 15:36:54,48.7,79.5
2017-05-07 15:36:59,53.7,80.6
2017-05-07 15:37:05,50.9,80.6
2017-05-07 15:37:10,53.3,81.1
2017-05-07 15:37:16,50,80.1
2017-05-07 15:37:21,53.4,80.6
2017-05-07 15:37:27,51,80.6
2017-05-07 15:37:32,54,80.6
2017-05-07 15:37:38,54,80.6
2017-05-07 15:37:43,52.6,80.6
2017-05-07 15:37:49,53.2,80.6
2017-05-07 15:37:54,48.4,79.5
2017-05-07 15:38:00,52.7,80.1
2017-05-07 15:38:05,49.2,80.6
2017-05-07 15:38:11,54,80.6
2017-05-07 15:38:17,53.6,80.6
2017-05-07 15:38:22,53.3,81.1
2017-05-07 15:38:27,49.2,80.6
2017-05-07 15:38:33,60.4,81.7
2017-05-07 15:38:38,53.5,80.6
2017-05-07 15:38:43,49.8,80.6
2017-05-07 15:38:49,52.2,80.6
2017-05-07 15:38:54,52.1,80.1
2017-05-07 15:38:59,54.1,80.6
2017-05-07 15:39:05,51.1,80.6
2017-05-07 15:39:10,54.6,80.6
2017-05-07 15:39:16,50,80.6
2017-05-07 15:39:22,54.3,81.1
2017-05-07 15:39:27,49.4,80.1
2017-05-07 15:39:32,51,80.6
2017-05-07 15:39:38,50.9,80.6
2017-05-07 15:39:43,51.9,80.6
2017-05-07 15:39:49,55.3,81.1
2017-05-07 15:39:54,54.6,80.6
2017-05-07 15:39:59,54.8,81.1
2017-05-07 15:40:05,52.4,80.6
2017-05-07 15:40:10,52.9,80.6
2017-05-07 15:40:16,49.5,80.6
2017-05-07 15:40:21,55.4,80.6
2017-05-07 15:40:26,49.2,80.6
2017-05-07 15:40:32,49.3,80.6
2017-05-07 15:40:37,64.9,81.7
2017-05-07 15:40:42,50.7,81.7
2017-05-07 15:40:47,54.2,81.1
2017-05-07 15:40:53,50.4,80.6
2017-05-07 15:40:58,53.9,80.6
2017-05-07 15:41:04,52,80.6
2017-05-07 15:41:09,54.6,81.7
2017-05-07 15:41:14,51.6,80.6
2017-05-07 15:41:20,52.5,80.6
2017-05-07 15:41:25,51.8,80.6
2017-05-07 15:41:30,49.6,80.6
2017-05-07 15:41:36,53.6,80.6
2017-05-07 15:41:41,50.2,80.6
2017-05-07 15:41:47,54.2,80.6
2017-05-07 15:41:52,51.4,81.1
2017-05-07 15:41:57,54.6,80.6
2017-05-07 15:42:03,49.6,80.6
2017-05-07 15:42:08,52.5,81.1
2017-05-07 15:42:14,52.4,80.6
2017-05-07 15:42:19,53.7,80.6
2017-05-07 15:42:25,52.9,80.6
2017-05-07 15:42:30,49.8,80.6
2017-05-07 15:42:36,45.2,79.5
2017-05-07 15:42:41,46.4,80.6
2017-05-07 15:42:47,53.8,80.6
2017-05-07 15:42:52,49.9,80.6
2017-05-07 15:42:57,55.5,80.6
2017-05-07 15:43:03,50.2,80.6
2017-05-07 15:43:08,53.2,80.6
2017-05-07 15:43:14,51.3,80.6
2017-05-07 15:43:19,50,80.1
2017-05-07 15:43:24,56,80.6
2017-05-07 15:43:30,53.6,80.6
2017-05-07 15:43:35,53.1,80.6
2017-05-07 15:43:40,51.7,80.6
2017-05-07 15:43:46,53.7,80.6
2017-05-07 15:43:51,49.4,80.6
2017-05-07 15:43:56,52.7,80.6
2017-05-07 15:44:02,52,80.6
2017-05-07 15:44:07,50.7,81.1
2017-05-07 15:44:12,52.5,80.6
2017-05-07 15:44:18,49.8,80.6
2017-05-07 15:44:23,54.2,80.6
2017-05-07 15:44:29,51.9,80.6
2017-05-07 15:44:34,51.5,80.6
2017-05-07 15:44:39,44.3,80.1
2017-05-07 15:44:45,53.3,80.6
2017-05-07 15:44:50,49.9,80.6
2017-05-07 15:44:56,52.6,80.6
2017-05-07 15:45:01,53.8,80.6
2017-05-07 15:45:07,52.5,80.6
2017-05-07 15:45:12,53.8,80.6
2017-05-07 15:45:17,51.8,80.6
2017-05-07 15:45:22,56.2,80.6
2017-05-07 15:45:28,50.7,80.6
2017-05-07 15:45:33,52.7,81.1
2017-05-07 15:45:39,51.1,80.1
2017-05-07 15:45:44,55.3,81.7
2017-05-07 15:45:50,53.8,80.6
2017-05-07 15:45:55,51.9,80.6
2017-05-07 15:46:01,51.6,80.6
2017-05-07 15:46:06,52.2,80.6
2017-05-07 15:46:11,52.3,80.6
2017-05-07 15:46:17,51.6,80.1
2017-05-07 15:46:22,55.5,80.6
2017-05-07 15:46:27,49.4,80.6
2017-05-07 15:46:33,53,80.6
2017-05-07 15:46:38,40.4,80.1
2017-05-07 15:46:44,54.4,80.6
2017-05-07 15:46:49,51,80.1
2017-05-07 15:46:55,53.6,80.6
2017-05-07 15:47:00,52.8,80.6
2017-05-07 15:47:06,54.6,80.6
2017-05-07 15:47:12,55.1,80.6
2017-05-07 15:47:17,49.9,80.6
2017-05-07 15:47:23,53.3,80.6
2017-05-07 15:47:28,52.4,80.6
2017-05-07 15:47:33,55.8,80.6
2017-05-07 15:47:39,49.9,80.6
2017-05-07 15:47:44,45.9,80.1
2017-05-07 15:47:49,31.2,78.4
2017-05-07 15:47:55,33.9,78.4
2017-05-07 15:48:00,31.2,77.4
2017-05-07 15:48:05,30.6,77.4
2017-05-07 15:48:11,31.6,77.4
2017-05-07 15:48:16,29.6,76.8
2017-05-07 15:48:22,34.5,76.3
2017-05-07 15:48:27,29.6,75.8
2017-05-07 15:48:32,33.7,76.3
2017-05-07 15:48:37,31.5,75.8
2017-05-07 15:48:43,33.6,75.2
2017-05-07 15:48:48,34.2,75.2
2017-05-07 15:48:53,30.8,75.2
2017-05-07 15:48:59,35.6,75.8
2017-05-07 15:49:04,31.8,75.2
2017-05-07 15:49:09,32.4,75.8
2017-05-07 15:49:15,28.3,74.7
2017-05-07 15:49:20,33.8,75.2
2017-05-07 15:49:25,30.5,75.2
2017-05-07 15:49:31,31.1,75.2
2017-05-07 15:49:36,29.6,75.2
2017-05-07 15:49:42,31.6,75.2
2017-05-07 15:49:47,31.9,74.7
2017-05-07 15:49:52,30.9,75.2
2017-05-07 15:49:58,35.4,75.2
2017-05-07 15:50:03,33.7,74.1
2017-05-07 15:50:08,33.8,75.2
2017-05-07 15:50:13,30.9,74.1
2017-05-07 15:50:19,31.8,74.1
2017-05-07 15:50:24,33.3,74.7
2017-05-07 15:50:29,34.4,74.1
2017-05-07 15:50:34,32.9,74.1
2017-05-07 15:50:40,29.7,74.1
2017-05-07 15:50:45,32.4,74.1
2017-05-07 15:50:50,28.6,73.6
2017-05-07 15:50:56,32.8,74.7
2017-05-07 15:51:01,30.8,74.1
2017-05-07 15:51:06,31.9,75.2
2017-05-07 15:51:11,30.6,73.6
2017-05-07 15:51:17,32.3,74.1
2017-05-07 15:51:22,37,74.1
2017-05-07 15:51:28,33.3,74.1
2017-05-07 15:51:33,36.3,74.1
2017-05-07 15:51:38,31.1,73.1
2017-05-07 15:51:44,36.2,74.1
2017-05-07 15:51:49,30.2,73.6
2017-05-07 15:51:54,33.2,74.1
2017-05-07 15:52:00,30.5,73.6
2017-05-07 15:52:05,30.5,74.1
2017-05-07 15:52:11,34.7,74.1
2017-05-07 15:52:16,29.1,73.6
2017-05-07 15:52:21,33.3,74.1
2017-05-07 15:52:26,29.6,73.6
2017-05-07 15:52:32,31.9,74.1
2017-05-07 15:52:38,30.5,73.1
2017-05-07 15:52:43,38.1,73.6
2017-05-07 15:52:48,31,73.1
2017-05-07 15:52:53,35.3,73.6
2017-05-07 15:52:59,31.3,73.1
2017-05-07 15:53:04,34.6,73.1
2017-05-07 15:53:09,35.8,73.1
2017-05-07 15:53:15,30,73.6
2017-05-07 15:53:20,34.7,73.6
2017-05-07 15:53:25,30,73.1
2017-05-07 15:53:30,32.7,73.6
2017-05-07 15:53:36,29.4,73.6
2017-05-07 15:53:41,31.8,73.1
2017-05-07 15:53:46,32.3,73.6
2017-05-07 15:53:51,28.2,73.6
2017-05-07 15:53:56,34.5,73.6
2017-05-07 15:54:02,31.9,73.1
2017-05-07 15:54:07,35.6,73.1
2017-05-07 15:54:12,32,73.1
2017-05-07 15:54:17,35.9,73.6
2017-05-07 15:54:23,33.7,73.1
2017-05-07 15:54:28,35.7,73.1
2017-05-07 15:54:33,32.6,72.5
2017-05-07 15:54:39,29.3,73.1
2017-05-07 15:54:44,34.7,72.5
2017-05-07 15:54:49,29,73.1
2017-05-07 15:54:55,34.2,73.1
2017-05-07 15:55:00,30.4,73.1
2017-05-07 15:55:05,36,73.1
2017-05-07 15:55:11,29.8,72.5
2017-05-07 15:55:16,33.3,73.1
2017-05-07 15:55:21,34.2,73.1
2017-05-07 15:55:26,29.2,73.1
2017-05-07 15:55:32,35,73.1
2017-05-07 15:55:37,45.7,74.1
2017-05-07 15:55:42,37.4,73.6
2017-05-07 15:55:47,30.8,73.1
2017-05-07 15:55:52,33.3,73.1
2017-05-07 15:55:58,32.5,73.1
2017-05-07 15:56:03,31.2,73.1
2017-05-07 15:56:08,33.8,73.6
2017-05-07 15:56:14,30.2,73.1
2017-05-07 15:56:19,31.4,72.5
2017-05-07 15:56:24,28.8,73.1
2017-05-07 15:56:29,33.8,73.6
2017-05-07 15:56:35,29.9,72.5
2017-05-07 15:56:40,31.7,73.1
2017-05-07 15:56:46,31,73.1
2017-05-07 15:56:51,33.9,72.5
2017-05-07 15:56:57,35.3,73.1
2017-05-07 15:57:02,33.2,73.1
2017-05-07 15:57:07,33.8,73.1
2017-05-07 15:57:12,30.9,72.5
2017-05-07 15:57:18,34.5,73.1
2017-05-07 15:57:23,33.3,73.1
2017-05-07 15:57:28,34.5,73.1
2017-05-07 15:57:34,29.2,73.1
2017-05-07 15:57:39,30.4,73.1
2017-05-07 15:57:44,31.4,73.1
2017-05-07 15:57:49,27.8,72
2017-05-07 15:57:55,32.8,72.5
2017-05-07 15:58:00,30.1,73.1
2017-05-07 15:58:06,31.5,73.1
2017-05-07 15:58:11,30.7,73.1
2017-05-07 15:58:16,34.3,73.1
2017-05-07 15:58:22,35,72.5
2017-05-07 15:58:27,34,73.1
2017-05-07 15:58:32,31.1,73.1
2017-05-07 15:58:38,30.2,72.5
2017-05-07 15:58:43,34,73.1
2017-05-07 15:58:48,31.5,72.5
2017-05-07 15:58:54,33.7,73.1
2017-05-07 15:58:59,28.8,72.5
2017-05-07 15:59:04,34.4,73.1
2017-05-07 15:59:10,29.7,72.5
2017-05-07 15:59:16,32,73.1
2017-05-07 15:59:21,30.1,72
2017-05-07 15:59:27,30.2,73.1
2017-05-07 15:59:32,31,72.5
2017-05-07 15:59:37,29.8,72
2017-05-07 15:59:42,38.6,73.1
2017-05-07 15:59:48,32.3,72.5
2017-05-07 15:59:53,36,73.1
2017-05-07 15:59:58,32.8,72
2017-05-07 16:00:03,35.5,73.1
2017-05-07 16:00:09,30.3,72
2017-05-07 16:00:14,31.7,72.5
2017-05-07 16:00:19,33.4,72.5
2017-05-07 16:00:24,30.7,72.5
2017-05-07 16:00:30,32.2,73.1
2017-05-07 16:00:35,28.7,72
2017-05-07 16:00:40,33,72.5
2017-05-07 16:00:46,31.4,72
2017-05-07 16:00:51,33.2,72.5
2017-05-07 16:00:56,31.2,72
2017-05-07 16:01:02,33.3,72.5
2017-05-07 16:01:07,34,72.5
2017-05-07 16:01:12,33.6,72
2017-05-07 16:01:18,34.9,72.5
2017-05-07 16:01:23,35,72.5
2017-05-07 16:01:29,32.7,72.5
2017-05-07 16:01:34,29.6,72
2017-05-07 16:01:39,34.1,72
2017-05-07 16:01:44,32.1,72
2017-05-07 16:01:49,29.1,72
2017-05-07 16:01:55,31,72.5
2017-05-07 16:02:00,30.2,72
2017-05-07 16:02:05,32.8,72
2017-05-07 16:02:10,28,72.5
2017-05-07 16:02:16,33.7,73.1
2017-05-07 16:02:22,32.3,72
2017-05-07 16:02:27,35.1,72.5
2017-05-07 16:02:32,32.1,72
2017-05-07 16:02:38,34.6,72.5
2017-05-07 16:02:43,34.8,73.1
2017-05-07 16:02:48,33.3,72
2017-05-07 16:02:53,34.9,72
2017-05-07 16:02:59,31.3,72
2017-05-07 16:03:04,33.2,72.5
2017-05-07 16:03:09,31.7,72
2017-05-07 16:03:14,34.4,72.5
2017-05-07 16:03:20,30.3,72
2017-05-07 16:03:25,31.1,72